<!-- Version 0.0.1 -->
<nodeDefs>

  <!-- Node server node - KEEP THIS. This will create a nodeserver node showing if the node server is active or not -->
  <nodedef id="CONTROLLER" nls="CONTROLLER">
    <sts>
      <st id="ST" editor="CONTROLLER"/>
    </sts>
    <cmds>
      <sends/>
      <accepts>
        <cmd id="DISCOVER"/>
        <cmd id="UPDATE_PROFILE"/>
        <cmd id="QUERY"/>
      </accepts>
    </cmds>
  </nodedef>

  <!-- Vehicle info -->
  <nodedef id="VEHICLE" nls="V">
    <sts>
      <st id="ST" editor="TEXT"/>
      <st id="GV0" editor="TEXT"/> <!-- VIN -->
      <st id="BATLVL" editor="I_PERCENT"/> <!-- SOC% -->
      <st id="GV1" editor="I_RAW"/> <!-- Battery Range -->
      <st id="GV2" editor="BOOLEAN"/> <!-- Charge port door open -->
      <st id="GV3" editor="BOOLEAN"/> <!-- Charge port latch engaged -->
      <st id="GV4" editor="BOOLEAN"/> <!-- Charge enable request -->
      <st id="GV5" editor="TEXT"/> <!-- Charging state -->
      <st id="GV6" editor="BOOLEAN"/> <!-- Fast charger present -->
      <st id="GV7" editor="I_PERCENT"/> <!-- charge limit soc -->
      <st id="CC" editor="I_AMP"/> <!-- Charger actual current -->
      <st id="CV" editor="I_VOLT"/> <!-- Charger voltage -->
      <st id="CPW" editor="I_WATT"/> <!-- Charger power -->
      <st id="GV20" hide="T" /> <!-- Last updated unix timestamp -->
      <st id="ERR" editor="BOOLEAN" hide="T" />
    </sts>
    <cmds>
      <sends>
        <cmd id="DON"/>
        <cmd id="DOF"/>
      </sends>
      <accepts>
        <cmd id="DON">
          <p id="" editor="I_PERCENT" optional="T"/>
        </cmd>
        <cmd id="DOF"/>
        <cmd id="WAKE"/>
        <cmd id="HORN"/>
        <cmd id="FLASH"/>
        <cmd id="START"/>
        <cmd id="LOCK"/>
        <cmd id="UNLOCK"/>
        <cmd id="TRUNK_FRONT"/>
        <cmd id="TRUNK_REAR"/>
        <cmd id="SUNROOF_VENT"/>
        <cmd id="SUNROOF_CLOSE"/>
        <cmd id="PORT_OPEN"/>
        <cmd id="PORT_CLOSE"/>
        <cmd id="CHARGE_SET_STD"/>
        <cmd id="CHARGE_SET_MAX"/>
        <cmd id="CHARGE_SET_TO">
          <p id="" editor="I_PERCENT" optional="F"/>
        </cmd>
        <cmd id="QUERY"/>
      </accepts>
    </cmds>
  </nodedef>
</nodeDefs>
